Data,NC,NN,MC,MN,V,D1C,D1N,D2C,D2N,D3C,D3N,D4C,D4N
0,Nível Territorial (Código),Nível Territorial,Unidade de Medida (Código),Unidade de Medida,Valor,Brasil (Código),Brasil,Mês (Código),Mês,Variável (Código),Variável,Seções e atividades industriais (CNAE 2.0) (Código),Seções e atividades industriais (CNAE 2.0)
1,1,Brasil,30,Número-índice,85.14812,1,Brasil,200201,janeiro 2002,12606,PIMPF - Número-índice (2022=100),129316,3 Indústrias de transformação
2,1,Brasil,30,Número-índice,82.08498,1,Brasil,200202,fevereiro 2002,12606,PIMPF - Número-índice (2022=100),129316,3 Indústrias de transformação
3,1,Brasil,30,Número-índice,90.96360,1,Brasil,200203,março 2002,12606,PIMPF - Número-índice (2022=100),129316,3 Indústrias de transformação
4,1,Brasil,30,Número-índice,93.77772,1,Brasil,200204,abril 2002,12606,PIMPF - Número-índice (2022=100),129316,3 Indústrias de transformação
5,1,Brasil,30,Número-índice,94.70631,1,Brasil,200205,maio 2002,12606,PIMPF - Número-índice (2022=100),129316,3 Indústrias de transformação
6,1,Brasil,30,Número-índice,91.07112,1,Brasil,200206,junho 2002,12606,PIMPF - Número-índice (2022=100),129316,3 Indústrias de transformação
7,1,Brasil,30,Número-índice,98.03895,1,Brasil,200207,julho 2002,12606,PIMPF - Número-índice (2022=100),129316,3 Indústrias de transformação
8,1,Brasil,30,Número-índice,98.40978,1,Brasil,200208,agosto 2002,12606,PIMPF - Número-índice (2022=100),129316,3 Indústrias de transformação
9,1,Brasil,30,Número-índice,96.85399,1,Brasil,200209,setembro 2002,12606,PIMPF - Número-índice (2022=100),129316,3 Indústrias de transformação
10,1,Brasil,30,Número-índice,105.35167,1,Brasil,200210,outubro 2002,12606,PIMPF - Número-índice (2022=100),129316,3 Indústrias de transformação
11,1,Brasil,30,Número-índice,99.06174,1,Brasil,200211,novembro 2002,12606,PIMPF - Número-índice (2022=100),129316,3 Indústrias de transformação
12,1,Brasil,30,Número-índice,87.78926,1,Brasil,200212,dezembro 2002,12606,PIMPF - Número-índice (2022=100),129316,3 Indústrias de transformação
13,1,Brasil,30,Número-índice,86.66795,1,Brasil,200301,janeiro 2003,12606,PIMPF - Número-índice (2022=100),129316,3 Indústrias de transformação
14,1,Brasil,30,Número-índice,84.31084,1,Brasil,200302,fevereiro 2003,12606,PIMPF - Número-índice (2022=100),129316,3 Indústrias de transformação
15,1,Brasil,30,Número-índice,90.68017,1,Brasil,200303,março 2003,12606,PIMPF - Número-índice (2022=100),129316,3 Indústrias de transformação
16,1,Brasil,30,Número-índice,89.78428,1,Brasil,200304,abril 2003,12606,PIMPF - Número-índice (2022=100),129316,3 Indústrias de transformação
17,1,Brasil,30,Número-índice,93.40012,1,Brasil,200305,maio 2003,12606,PIMPF - Número-índice (2022=100),129316,3 Indústrias de transformação
18,1,Brasil,30,Número-índice,89.70153,1,Brasil,200306,junho 2003,12606,PIMPF - Número-índice (2022=100),129316,3 Indústrias de transformação
19,1,Brasil,30,Número-índice,95.64875,1,Brasil,200307,julho 2003,12606,PIMPF - Número-índice (2022=100),129316,3 Indústrias de transformação
20,1,Brasil,30,Número-índice,95.81040,1,Brasil,200308,agosto 2003,12606,PIMPF - Número-índice (2022=100),129316,3 Indústrias de transformação
21,1,Brasil,30,Número-índice,100.95681,1,Brasil,200309,setembro 2003,12606,PIMPF - Número-índice (2022=100),129316,3 Indústrias de transformação
22,1,Brasil,30,Número-índice,106.18827,1,Brasil,200310,outubro 2003,12606,PIMPF - Número-índice (2022=100),129316,3 Indústrias de transformação
23,1,Brasil,30,Número-índice,99.73780,1,Brasil,200311,novembro 2003,12606,PIMPF - Número-índice (2022=100),129316,3 Indústrias de transformação
24,1,Brasil,30,Número-índice,91.34955,1,Brasil,200312,dezembro 2003,12606,PIMPF - Número-índice (2022=100),129316,3 Indústrias de transformação
25,1,Brasil,30,Número-índice,90.15456,1,Brasil,200401,janeiro 2004,12606,PIMPF - Número-índice (2022=100),129316,3 Indústrias de transformação
26,1,Brasil,30,Número-índice,86.89904,1,Brasil,200402,fevereiro 2004,12606,PIMPF - Número-índice (2022=100),129316,3 Indústrias de transformação
27,1,Brasil,30,Número-índice,102.49825,1,Brasil,200403,março 2004,12606,PIMPF - Número-índice (2022=100),129316,3 Indústrias de transformação
28,1,Brasil,30,Número-índice,96.76917,1,Brasil,200404,abril 2004,12606,PIMPF - Número-índice (2022=100),129316,3 Indústrias de transformação
29,1,Brasil,30,Número-índice,101.75276,1,Brasil,200405,maio 2004,12606,PIMPF - Número-índice (2022=100),129316,3 Indústrias de transformação
30,1,Brasil,30,Número-índice,101.42940,1,Brasil,200406,junho 2004,12606,PIMPF - Número-índice (2022=100),129316,3 Indústrias de transformação
31,1,Brasil,30,Número-índice,106.10340,1,Brasil,200407,julho 2004,12606,PIMPF - Número-índice (2022=100),129316,3 Indústrias de transformação
32,1,Brasil,30,Número-índice,108.42550,1,Brasil,200408,agosto 2004,12606,PIMPF - Número-índice (2022=100),129316,3 Indústrias de transformação
33,1,Brasil,30,Número-índice,108.65821,1,Brasil,200409,setembro 2004,12606,PIMPF - Número-índice (2022=100),129316,3 Indústrias de transformação
34,1,Brasil,30,Número-índice,110.17916,1,Brasil,200410,outubro 2004,12606,PIMPF - Número-índice (2022=100),129316,3 Indústrias de transformação
35,1,Brasil,30,Número-índice,108.35531,1,Brasil,200411,novembro 2004,12606,PIMPF - Número-índice (2022=100),129316,3 Indústrias de transformação
36,1,Brasil,30,Número-índice,99.50009,1,Brasil,200412,dezembro 2004,12606,PIMPF - Número-índice (2022=100),129316,3 Indústrias de transformação
37,1,Brasil,30,Número-índice,95.05259,1,Brasil,200501,janeiro 2005,12606,PIMPF - Número-índice (2022=100),129316,3 Indústrias de transformação
38,1,Brasil,30,Número-índice,89.74077,1,Brasil,200502,fevereiro 2005,12606,PIMPF - Número-índice (2022=100),129316,3 Indústrias de transformação
39,1,Brasil,30,Número-índice,103.53528,1,Brasil,200503,março 2005,12606,PIMPF - Número-índice (2022=100),129316,3 Indústrias de transformação
40,1,Brasil,30,Número-índice,101.99578,1,Brasil,200504,abril 2005,12606,PIMPF - Número-índice (2022=100),129316,3 Indústrias de transformação
41,1,Brasil,30,Número-índice,106.75110,1,Brasil,200505,maio 2005,12606,PIMPF - Número-índice (2022=100),129316,3 Indústrias de transformação
42,1,Brasil,30,Número-índice,107.14086,1,Brasil,200506,junho 2005,12606,PIMPF - Número-índice (2022=100),129316,3 Indústrias de transformação
43,1,Brasil,30,Número-índice,106.01579,1,Brasil,200507,julho 2005,12606,PIMPF - Número-índice (2022=100),129316,3 Indústrias de transformação
44,1,Brasil,30,Número-índice,112.24631,1,Brasil,200508,agosto 2005,12606,PIMPF - Número-índice (2022=100),129316,3 Indústrias de transformação
45,1,Brasil,30,Número-índice,107.93151,1,Brasil,200509,setembro 2005,12606,PIMPF - Número-índice (2022=100),129316,3 Indústrias de transformação
46,1,Brasil,30,Número-índice,109.86336,1,Brasil,200510,outubro 2005,12606,PIMPF - Número-índice (2022=100),129316,3 Indústrias de transformação
47,1,Brasil,30,Número-índice,108.54696,1,Brasil,200511,novembro 2005,12606,PIMPF - Número-índice (2022=100),129316,3 Indústrias de transformação
48,1,Brasil,30,Número-índice,101.31841,1,Brasil,200512,dezembro 2005,12606,PIMPF - Número-índice (2022=100),129316,3 Indústrias de transformação
49,1,Brasil,30,Número-índice,97.53989,1,Brasil,200601,janeiro 2006,12606,PIMPF - Número-índice (2022=100),129316,3 Indústrias de transformação
50,1,Brasil,30,Número-índice,93.83834,1,Brasil,200602,fevereiro 2006,12606,PIMPF - Número-índice (2022=100),129316,3 Indústrias de transformação
51,1,Brasil,30,Número-índice,108.20559,1,Brasil,200603,março 2006,12606,PIMPF - Número-índice (2022=100),129316,3 Indústrias de transformação
52,1,Brasil,30,Número-índice,100.08522,1,Brasil,200604,abril 2006,12606,PIMPF - Número-índice (2022=100),129316,3 Indústrias de transformação
53,1,Brasil,30,Número-índice,111.60809,1,Brasil,200605,maio 2006,12606,PIMPF - Número-índice (2022=100),129316,3 Indústrias de transformação
54,1,Brasil,30,Número-índice,106.71794,1,Brasil,200606,junho 2006,12606,PIMPF - Número-índice (2022=100),129316,3 Indústrias de transformação
55,1,Brasil,30,Número-índice,109.63611,1,Brasil,200607,julho 2006,12606,PIMPF - Número-índice (2022=100),129316,3 Indústrias de transformação
56,1,Brasil,30,Número-índice,115.58881,1,Brasil,200608,agosto 2006,12606,PIMPF - Número-índice (2022=100),129316,3 Indústrias de transformação
57,1,Brasil,30,Número-índice,109.14785,1,Brasil,200609,setembro 2006,12606,PIMPF - Número-índice (2022=100),129316,3 Indústrias de transformação
58,1,Brasil,30,Número-índice,114.19037,1,Brasil,200610,outubro 2006,12606,PIMPF - Número-índice (2022=100),129316,3 Indústrias de transformação
59,1,Brasil,30,Número-índice,112.28204,1,Brasil,200611,novembro 2006,12606,PIMPF - Número-índice (2022=100),129316,3 Indústrias de transformação
60,1,Brasil,30,Número-índice,101.26767,1,Brasil,200612,dezembro 2006,12606,PIMPF - Número-índice (2022=100),129316,3 Indústrias de transformação
61,1,Brasil,30,Número-índice,101.37432,1,Brasil,200701,janeiro 2007,12606,PIMPF - Número-índice (2022=100),129316,3 Indústrias de transformação
62,1,Brasil,30,Número-índice,96.42250,1,Brasil,200702,fevereiro 2007,12606,PIMPF - Número-índice (2022=100),129316,3 Indústrias de transformação
63,1,Brasil,30,Número-índice,112.86589,1,Brasil,200703,março 2007,12606,PIMPF - Número-índice (2022=100),129316,3 Indústrias de transformação
64,1,Brasil,30,Número-índice,105.87783,1,Brasil,200704,abril 2007,12606,PIMPF - Número-índice (2022=100),129316,3 Indústrias de transformação
65,1,Brasil,30,Número-índice,117.01963,1,Brasil,200705,maio 2007,12606,PIMPF - Número-índice (2022=100),129316,3 Indústrias de transformação
66,1,Brasil,30,Número-índice,113.33264,1,Brasil,200706,junho 2007,12606,PIMPF - Número-índice (2022=100),129316,3 Indústrias de transformação
67,1,Brasil,30,Número-índice,116.70186,1,Brasil,200707,julho 2007,12606,PIMPF - Número-índice (2022=100),129316,3 Indústrias de transformação
68,1,Brasil,30,Número-índice,123.02523,1,Brasil,200708,agosto 2007,12606,PIMPF - Número-índice (2022=100),129316,3 Indústrias de transformação
69,1,Brasil,30,Número-índice,115.22247,1,Brasil,200709,setembro 2007,12606,PIMPF - Número-índice (2022=100),129316,3 Indústrias de transformação
70,1,Brasil,30,Número-índice,126.76087,1,Brasil,200710,outubro 2007,12606,PIMPF - Número-índice (2022=100),129316,3 Indústrias de transformação
71,1,Brasil,30,Número-índice,120.17717,1,Brasil,200711,novembro 2007,12606,PIMPF - Número-índice (2022=100),129316,3 Indústrias de transformação
72,1,Brasil,30,Número-índice,107.58010,1,Brasil,200712,dezembro 2007,12606,PIMPF - Número-índice (2022=100),129316,3 Indústrias de transformação
73,1,Brasil,30,Número-índice,110.50963,1,Brasil,200801,janeiro 2008,12606,PIMPF - Número-índice (2022=100),129316,3 Indústrias de transformação
74,1,Brasil,30,Número-índice,106.39159,1,Brasil,200802,fevereiro 2008,12606,PIMPF - Número-índice (2022=100),129316,3 Indústrias de transformação
75,1,Brasil,30,Número-índice,114.25199,1,Brasil,200803,março 2008,12606,PIMPF - Número-índice (2022=100),129316,3 Indústrias de transformação
76,1,Brasil,30,Número-índice,116.30005,1,Brasil,200804,abril 2008,12606,PIMPF - Número-índice (2022=100),129316,3 Indústrias de transformação
77,1,Brasil,30,Número-índice,119.69084,1,Brasil,200805,maio 2008,12606,PIMPF - Número-índice (2022=100),129316,3 Indústrias de transformação
78,1,Brasil,30,Número-índice,120.78314,1,Brasil,200806,junho 2008,12606,PIMPF - Número-índice (2022=100),129316,3 Indústrias de transformação
79,1,Brasil,30,Número-índice,126.83826,1,Brasil,200807,julho 2008,12606,PIMPF - Número-índice (2022=100),129316,3 Indústrias de transformação
80,1,Brasil,30,Número-índice,124.87581,1,Brasil,200808,agosto 2008,12606,PIMPF - Número-índice (2022=100),129316,3 Indústrias de transformação
81,1,Brasil,30,Número-índice,125.69863,1,Brasil,200809,setembro 2008,12606,PIMPF - Número-índice (2022=100),129316,3 Indústrias de transformação
82,1,Brasil,30,Número-índice,126.99815,1,Brasil,200810,outubro 2008,12606,PIMPF - Número-índice (2022=100),129316,3 Indústrias de transformação
83,1,Brasil,30,Número-índice,112.77093,1,Brasil,200811,novembro 2008,12606,PIMPF - Número-índice (2022=100),129316,3 Indústrias de transformação
84,1,Brasil,30,Número-índice,92.37975,1,Brasil,200812,dezembro 2008,12606,PIMPF - Número-índice (2022=100),129316,3 Indústrias de transformação
85,1,Brasil,30,Número-índice,91.80679,1,Brasil,200901,janeiro 2009,12606,PIMPF - Número-índice (2022=100),129316,3 Indústrias de transformação
86,1,Brasil,30,Número-índice,89.00670,1,Brasil,200902,fevereiro 2009,12606,PIMPF - Número-índice (2022=100),129316,3 Indústrias de transformação
87,1,Brasil,30,Número-índice,103.58383,1,Brasil,200903,março 2009,12606,PIMPF - Número-índice (2022=100),129316,3 Indústrias de transformação
88,1,Brasil,30,Número-índice,99.70941,1,Brasil,200904,abril 2009,12606,PIMPF - Número-índice (2022=100),129316,3 Indústrias de transformação
89,1,Brasil,30,Número-índice,106.85750,1,Brasil,200905,maio 2009,12606,PIMPF - Número-índice (2022=100),129316,3 Indústrias de transformação
90,1,Brasil,30,Número-índice,107.73128,1,Brasil,200906,junho 2009,12606,PIMPF - Número-índice (2022=100),129316,3 Indústrias de transformação
91,1,Brasil,30,Número-índice,114.24633,1,Brasil,200907,julho 2009,12606,PIMPF - Número-índice (2022=100),129316,3 Indústrias de transformação
92,1,Brasil,30,Número-índice,116.64439,1,Brasil,200908,agosto 2009,12606,PIMPF - Número-índice (2022=100),129316,3 Indústrias de transformação
93,1,Brasil,30,Número-índice,116.61233,1,Brasil,200909,setembro 2009,12606,PIMPF - Número-índice (2022=100),129316,3 Indústrias de transformação
94,1,Brasil,30,Número-índice,124.09869,1,Brasil,200910,outubro 2009,12606,PIMPF - Número-índice (2022=100),129316,3 Indústrias de transformação
95,1,Brasil,30,Número-índice,119.13781,1,Brasil,200911,novembro 2009,12606,PIMPF - Número-índice (2022=100),129316,3 Indústrias de transformação
96,1,Brasil,30,Número-índice,109.82622,1,Brasil,200912,dezembro 2009,12606,PIMPF - Número-índice (2022=100),129316,3 Indústrias de transformação
97,1,Brasil,30,Número-índice,106.14632,1,Brasil,201001,janeiro 2010,12606,PIMPF - Número-índice (2022=100),129316,3 Indústrias de transformação
98,1,Brasil,30,Número-índice,103.88948,1,Brasil,201002,fevereiro 2010,12606,PIMPF - Número-índice (2022=100),129316,3 Indústrias de transformação
99,1,Brasil,30,Número-índice,123.12642,1,Brasil,201003,março 2010,12606,PIMPF - Número-índice (2022=100),129316,3 Indústrias de transformação
100,1,Brasil,30,Número-índice,116.11801,1,Brasil,201004,abril 2010,12606,PIMPF - Número-índice (2022=100),129316,3 Indústrias de transformação
101,1,Brasil,30,Número-índice,122.00840,1,Brasil,201005,maio 2010,12606,PIMPF - Número-índice (2022=100),129316,3 Indústrias de transformação
102,1,Brasil,30,Número-índice,119.89844,1,Brasil,201006,junho 2010,12606,PIMPF - Número-índice (2022=100),129316,3 Indústrias de transformação
103,1,Brasil,30,Número-índice,124.91462,1,Brasil,201007,julho 2010,12606,PIMPF - Número-índice (2022=100),129316,3 Indústrias de transformação
104,1,Brasil,30,Número-índice,126.45538,1,Brasil,201008,agosto 2010,12606,PIMPF - Número-índice (2022=100),129316,3 Indústrias de transformação
105,1,Brasil,30,Número-índice,123.59680,1,Brasil,201009,setembro 2010,12606,PIMPF - Número-índice (2022=100),129316,3 Indústrias de transformação
106,1,Brasil,30,Número-índice,126.14076,1,Brasil,201010,outubro 2010,12606,PIMPF - Número-índice (2022=100),129316,3 Indústrias de transformação
107,1,Brasil,30,Número-índice,125.07774,1,Brasil,201011,novembro 2010,12606,PIMPF - Número-índice (2022=100),129316,3 Indústrias de transformação
108,1,Brasil,30,Número-índice,112.22498,1,Brasil,201012,dezembro 2010,12606,PIMPF - Número-índice (2022=100),129316,3 Indústrias de transformação
109,1,Brasil,30,Número-índice,108.26129,1,Brasil,201101,janeiro 2011,12606,PIMPF - Número-índice (2022=100),129316,3 Indústrias de transformação
110,1,Brasil,30,Número-índice,111.60538,1,Brasil,201102,fevereiro 2011,12606,PIMPF - Número-índice (2022=100),129316,3 Indústrias de transformação
111,1,Brasil,30,Número-índice,122.25836,1,Brasil,201103,março 2011,12606,PIMPF - Número-índice (2022=100),129316,3 Indústrias de transformação
112,1,Brasil,30,Número-índice,113.76777,1,Brasil,201104,abril 2011,12606,PIMPF - Número-índice (2022=100),129316,3 Indústrias de transformação
113,1,Brasil,30,Número-índice,125.29448,1,Brasil,201105,maio 2011,12606,PIMPF - Número-índice (2022=100),129316,3 Indústrias de transformação
114,1,Brasil,30,Número-índice,120.00470,1,Brasil,201106,junho 2011,12606,PIMPF - Número-índice (2022=100),129316,3 Indústrias de transformação
115,1,Brasil,30,Número-índice,123.82225,1,Brasil,201107,julho 2011,12606,PIMPF - Número-índice (2022=100),129316,3 Indústrias de transformação
116,1,Brasil,30,Número-índice,129.70867,1,Brasil,201108,agosto 2011,12606,PIMPF - Número-índice (2022=100),129316,3 Indústrias de transformação
117,1,Brasil,30,Número-índice,122.44567,1,Brasil,201109,setembro 2011,12606,PIMPF - Número-índice (2022=100),129316,3 Indústrias de transformação
118,1,Brasil,30,Número-índice,124.19142,1,Brasil,201110,outubro 2011,12606,PIMPF - Número-índice (2022=100),129316,3 Indústrias de transformação
119,1,Brasil,30,Número-índice,121.60733,1,Brasil,201111,novembro 2011,12606,PIMPF - Número-índice (2022=100),129316,3 Indústrias de transformação
120,1,Brasil,30,Número-índice,110.95130,1,Brasil,201112,dezembro 2011,12606,PIMPF - Número-índice (2022=100),129316,3 Indústrias de transformação
121,1,Brasil,30,Número-índice,102.88463,1,Brasil,201201,janeiro 2012,12606,PIMPF - Número-índice (2022=100),129316,3 Indústrias de transformação
122,1,Brasil,30,Número-índice,104.20349,1,Brasil,201202,fevereiro 2012,12606,PIMPF - Número-índice (2022=100),129316,3 Indústrias de transformação
123,1,Brasil,30,Número-índice,116.42738,1,Brasil,201203,março 2012,12606,PIMPF - Número-índice (2022=100),129316,3 Indústrias de transformação
124,1,Brasil,30,Número-índice,107.67743,1,Brasil,201204,abril 2012,12606,PIMPF - Número-índice (2022=100),129316,3 Indústrias de transformação
125,1,Brasil,30,Número-índice,119.20817,1,Brasil,201205,maio 2012,12606,PIMPF - Número-índice (2022=100),129316,3 Indústrias de transformação
126,1,Brasil,30,Número-índice,114.25640,1,Brasil,201206,junho 2012,12606,PIMPF - Número-índice (2022=100),129316,3 Indústrias de transformação
127,1,Brasil,30,Número-índice,121.93532,1,Brasil,201207,julho 2012,12606,PIMPF - Número-índice (2022=100),129316,3 Indústrias de transformação
128,1,Brasil,30,Número-índice,131.14199,1,Brasil,201208,agosto 2012,12606,PIMPF - Número-índice (2022=100),129316,3 Indústrias de transformação
129,1,Brasil,30,Número-índice,121.47390,1,Brasil,201209,setembro 2012,12606,PIMPF - Número-índice (2022=100),129316,3 Indústrias de transformação
130,1,Brasil,30,Número-índice,130.90610,1,Brasil,201210,outubro 2012,12606,PIMPF - Número-índice (2022=100),129316,3 Indústrias de transformação
131,1,Brasil,30,Número-índice,123.34358,1,Brasil,201211,novembro 2012,12606,PIMPF - Número-índice (2022=100),129316,3 Indústrias de transformação
132,1,Brasil,30,Número-índice,105.91076,1,Brasil,201212,dezembro 2012,12606,PIMPF - Número-índice (2022=100),129316,3 Indústrias de transformação
133,1,Brasil,30,Número-índice,110.22978,1,Brasil,201301,janeiro 2013,12606,PIMPF - Número-índice (2022=100),129316,3 Indústrias de transformação
134,1,Brasil,30,Número-índice,103.07938,1,Brasil,201302,fevereiro 2013,12606,PIMPF - Número-índice (2022=100),129316,3 Indústrias de transformação
135,1,Brasil,30,Número-índice,115.11631,1,Brasil,201303,março 2013,12606,PIMPF - Número-índice (2022=100),129316,3 Indústrias de transformação
136,1,Brasil,30,Número-índice,120.38064,1,Brasil,201304,abril 2013,12606,PIMPF - Número-índice (2022=100),129316,3 Indústrias de transformação
137,1,Brasil,30,Número-índice,123.80956,1,Brasil,201305,maio 2013,12606,PIMPF - Número-índice (2022=100),129316,3 Indústrias de transformação
138,1,Brasil,30,Número-índice,119.27438,1,Brasil,201306,junho 2013,12606,PIMPF - Número-índice (2022=100),129316,3 Indústrias de transformação
139,1,Brasil,30,Número-índice,127.06378,1,Brasil,201307,julho 2013,12606,PIMPF - Número-índice (2022=100),129316,3 Indústrias de transformação
140,1,Brasil,30,Número-índice,132.15233,1,Brasil,201308,agosto 2013,12606,PIMPF - Número-índice (2022=100),129316,3 Indústrias de transformação
141,1,Brasil,30,Número-índice,126.59411,1,Brasil,201309,setembro 2013,12606,PIMPF - Número-índice (2022=100),129316,3 Indústrias de transformação
142,1,Brasil,30,Número-índice,132.54824,1,Brasil,201310,outubro 2013,12606,PIMPF - Número-índice (2022=100),129316,3 Indústrias de transformação
143,1,Brasil,30,Número-índice,124.64661,1,Brasil,201311,novembro 2013,12606,PIMPF - Número-índice (2022=100),129316,3 Indústrias de transformação
144,1,Brasil,30,Número-índice,103.61410,1,Brasil,201312,dezembro 2013,12606,PIMPF - Número-índice (2022=100),129316,3 Indústrias de transformação
145,1,Brasil,30,Número-índice,107.46019,1,Brasil,201401,janeiro 2014,12606,PIMPF - Número-índice (2022=100),129316,3 Indústrias de transformação
146,1,Brasil,30,Número-índice,108.42686,1,Brasil,201402,fevereiro 2014,12606,PIMPF - Número-índice (2022=100),129316,3 Indústrias de transformação
147,1,Brasil,30,Número-índice,113.41917,1,Brasil,201403,março 2014,12606,PIMPF - Número-índice (2022=100),129316,3 Indústrias de transformação
148,1,Brasil,30,Número-índice,111.99136,1,Brasil,201404,abril 2014,12606,PIMPF - Número-índice (2022=100),129316,3 Indústrias de transformação
149,1,Brasil,30,Número-índice,118.46288,1,Brasil,201405,maio 2014,12606,PIMPF - Número-índice (2022=100),129316,3 Indústrias de transformação
150,1,Brasil,30,Número-índice,109.78693,1,Brasil,201406,junho 2014,12606,PIMPF - Número-índice (2022=100),129316,3 Indústrias de transformação
151,1,Brasil,30,Número-índice,121.36179,1,Brasil,201407,julho 2014,12606,PIMPF - Número-índice (2022=100),129316,3 Indústrias de transformação
152,1,Brasil,30,Número-índice,123.34850,1,Brasil,201408,agosto 2014,12606,PIMPF - Número-índice (2022=100),129316,3 Indústrias de transformação
153,1,Brasil,30,Número-índice,122.84953,1,Brasil,201409,setembro 2014,12606,PIMPF - Número-índice (2022=100),129316,3 Indústrias de transformação
154,1,Brasil,30,Número-índice,126.98330,1,Brasil,201410,outubro 2014,12606,PIMPF - Número-índice (2022=100),129316,3 Indústrias de transformação
155,1,Brasil,30,Número-índice,115.51312,1,Brasil,201411,novembro 2014,12606,PIMPF - Número-índice (2022=100),129316,3 Indústrias de transformação
156,1,Brasil,30,Número-índice,98.93218,1,Brasil,201412,dezembro 2014,12606,PIMPF - Número-índice (2022=100),129316,3 Indústrias de transformação
157,1,Brasil,30,Número-índice,99.90927,1,Brasil,201501,janeiro 2015,12606,PIMPF - Número-índice (2022=100),129316,3 Indústrias de transformação
158,1,Brasil,30,Número-índice,95.53022,1,Brasil,201502,fevereiro 2015,12606,PIMPF - Número-índice (2022=100),129316,3 Indústrias de transformação
159,1,Brasil,30,Número-índice,108.05198,1,Brasil,201503,março 2015,12606,PIMPF - Número-índice (2022=100),129316,3 Indústrias de transformação
160,1,Brasil,30,Número-índice,100.91781,1,Brasil,201504,abril 2015,12606,PIMPF - Número-índice (2022=100),129316,3 Indústrias de transformação
161,1,Brasil,30,Número-índice,105.96215,1,Brasil,201505,maio 2015,12606,PIMPF - Número-índice (2022=100),129316,3 Indústrias de transformação
162,1,Brasil,30,Número-índice,105.33477,1,Brasil,201506,junho 2015,12606,PIMPF - Número-índice (2022=100),129316,3 Indústrias de transformação
163,1,Brasil,30,Número-índice,109.00724,1,Brasil,201507,julho 2015,12606,PIMPF - Número-índice (2022=100),129316,3 Indústrias de transformação
164,1,Brasil,30,Número-índice,111.26838,1,Brasil,201508,agosto 2015,12606,PIMPF - Número-índice (2022=100),129316,3 Indústrias de transformação
165,1,Brasil,30,Número-índice,107.58540,1,Brasil,201509,setembro 2015,12606,PIMPF - Número-índice (2022=100),129316,3 Indústrias de transformação
166,1,Brasil,30,Número-índice,111.31081,1,Brasil,201510,outubro 2015,12606,PIMPF - Número-índice (2022=100),129316,3 Indústrias de transformação
167,1,Brasil,30,Número-índice,100.97156,1,Brasil,201511,novembro 2015,12606,PIMPF - Número-índice (2022=100),129316,3 Indústrias de transformação
168,1,Brasil,30,Número-índice,86.95417,1,Brasil,201512,dezembro 2015,12606,PIMPF - Número-índice (2022=100),129316,3 Indústrias de transformação
169,1,Brasil,30,Número-índice,86.99451,1,Brasil,201601,janeiro 2016,12606,PIMPF - Número-índice (2022=100),129316,3 Indústrias de transformação
170,1,Brasil,30,Número-índice,86.77544,1,Brasil,201602,fevereiro 2016,12606,PIMPF - Número-índice (2022=100),129316,3 Indústrias de transformação
171,1,Brasil,30,Número-índice,96.59313,1,Brasil,201603,março 2016,12606,PIMPF - Número-índice (2022=100),129316,3 Indústrias de transformação
172,1,Brasil,30,Número-índice,95.70255,1,Brasil,201604,abril 2016,12606,PIMPF - Número-índice (2022=100),129316,3 Indústrias de transformação
173,1,Brasil,30,Número-índice,98.84264,1,Brasil,201605,maio 2016,12606,PIMPF - Número-índice (2022=100),129316,3 Indústrias de transformação
174,1,Brasil,30,Número-índice,100.97518,1,Brasil,201606,junho 2016,12606,PIMPF - Número-índice (2022=100),129316,3 Indústrias de transformação
175,1,Brasil,30,Número-índice,102.83264,1,Brasil,201607,julho 2016,12606,PIMPF - Número-índice (2022=100),129316,3 Indústrias de transformação
176,1,Brasil,30,Número-índice,107.16804,1,Brasil,201608,agosto 2016,12606,PIMPF - Número-índice (2022=100),129316,3 Indústrias de transformação
177,1,Brasil,30,Número-índice,104.30087,1,Brasil,201609,setembro 2016,12606,PIMPF - Número-índice (2022=100),129316,3 Indústrias de transformação
178,1,Brasil,30,Número-índice,103.44821,1,Brasil,201610,outubro 2016,12606,PIMPF - Número-índice (2022=100),129316,3 Indústrias de transformação
179,1,Brasil,30,Número-índice,98.94276,1,Brasil,201611,novembro 2016,12606,PIMPF - Número-índice (2022=100),129316,3 Indústrias de transformação
180,1,Brasil,30,Número-índice,85.95758,1,Brasil,201612,dezembro 2016,12606,PIMPF - Número-índice (2022=100),129316,3 Indústrias de transformação
181,1,Brasil,30,Número-índice,87.31177,1,Brasil,201701,janeiro 2017,12606,PIMPF - Número-índice (2022=100),129316,3 Indústrias de transformação
182,1,Brasil,30,Número-índice,85.93189,1,Brasil,201702,fevereiro 2017,12606,PIMPF - Número-índice (2022=100),129316,3 Indústrias de transformação
183,1,Brasil,30,Número-índice,97.61018,1,Brasil,201703,março 2017,12606,PIMPF - Número-índice (2022=100),129316,3 Indústrias de transformação
184,1,Brasil,30,Número-índice,89.97133,1,Brasil,201704,abril 2017,12606,PIMPF - Número-índice (2022=100),129316,3 Indústrias de transformação
185,1,Brasil,30,Número-índice,103.14246,1,Brasil,201705,maio 2017,12606,PIMPF - Número-índice (2022=100),129316,3 Indústrias de transformação
186,1,Brasil,30,Número-índice,101.07697,1,Brasil,201706,junho 2017,12606,PIMPF - Número-índice (2022=100),129316,3 Indústrias de transformação
187,1,Brasil,30,Número-índice,105.62847,1,Brasil,201707,julho 2017,12606,PIMPF - Número-índice (2022=100),129316,3 Indústrias de transformação
188,1,Brasil,30,Número-índice,111.62361,1,Brasil,201708,agosto 2017,12606,PIMPF - Número-índice (2022=100),129316,3 Indústrias de transformação
189,1,Brasil,30,Número-índice,107.05565,1,Brasil,201709,setembro 2017,12606,PIMPF - Número-índice (2022=100),129316,3 Indústrias de transformação
190,1,Brasil,30,Número-índice,109.62645,1,Brasil,201710,outubro 2017,12606,PIMPF - Número-índice (2022=100),129316,3 Indústrias de transformação
191,1,Brasil,30,Número-índice,104.21145,1,Brasil,201711,novembro 2017,12606,PIMPF - Número-índice (2022=100),129316,3 Indústrias de transformação
192,1,Brasil,30,Número-índice,91.43774,1,Brasil,201712,dezembro 2017,12606,PIMPF - Número-índice (2022=100),129316,3 Indústrias de transformação
193,1,Brasil,30,Número-índice,93.07468,1,Brasil,201801,janeiro 2018,12606,PIMPF - Número-índice (2022=100),129316,3 Indústrias de transformação
194,1,Brasil,30,Número-índice,88.53009,1,Brasil,201802,fevereiro 2018,12606,PIMPF - Número-índice (2022=100),129316,3 Indústrias de transformação
195,1,Brasil,30,Número-índice,99.06503,1,Brasil,201803,março 2018,12606,PIMPF - Número-índice (2022=100),129316,3 Indústrias de transformação
196,1,Brasil,30,Número-índice,99.55356,1,Brasil,201804,abril 2018,12606,PIMPF - Número-índice (2022=100),129316,3 Indústrias de transformação
197,1,Brasil,30,Número-índice,95.54747,1,Brasil,201805,maio 2018,12606,PIMPF - Número-índice (2022=100),129316,3 Indústrias de transformação
198,1,Brasil,30,Número-índice,104.50072,1,Brasil,201806,junho 2018,12606,PIMPF - Número-índice (2022=100),129316,3 Indústrias de transformação
199,1,Brasil,30,Número-índice,110.27193,1,Brasil,201807,julho 2018,12606,PIMPF - Número-índice (2022=100),129316,3 Indústrias de transformação
200,1,Brasil,30,Número-índice,113.66492,1,Brasil,201808,agosto 2018,12606,PIMPF - Número-índice (2022=100),129316,3 Indústrias de transformação
201,1,Brasil,30,Número-índice,104.32205,1,Brasil,201809,setembro 2018,12606,PIMPF - Número-índice (2022=100),129316,3 Indústrias de transformação
202,1,Brasil,30,Número-índice,110.10278,1,Brasil,201810,outubro 2018,12606,PIMPF - Número-índice (2022=100),129316,3 Indústrias de transformação
203,1,Brasil,30,Número-índice,102.52164,1,Brasil,201811,novembro 2018,12606,PIMPF - Número-índice (2022=100),129316,3 Indústrias de transformação
204,1,Brasil,30,Número-índice,86.68646,1,Brasil,201812,dezembro 2018,12606,PIMPF - Número-índice (2022=100),129316,3 Indústrias de transformação
205,1,Brasil,30,Número-índice,90.76961,1,Brasil,201901,janeiro 2019,12606,PIMPF - Número-índice (2022=100),129316,3 Indústrias de transformação
206,1,Brasil,30,Número-índice,92.11431,1,Brasil,201902,fevereiro 2019,12606,PIMPF - Número-índice (2022=100),129316,3 Indústrias de transformação
207,1,Brasil,30,Número-índice,94.08602,1,Brasil,201903,março 2019,12606,PIMPF - Número-índice (2022=100),129316,3 Indústrias de transformação
208,1,Brasil,30,Número-índice,98.61882,1,Brasil,201904,abril 2019,12606,PIMPF - Número-índice (2022=100),129316,3 Indústrias de transformação
209,1,Brasil,30,Número-índice,106.74015,1,Brasil,201905,maio 2019,12606,PIMPF - Número-índice (2022=100),129316,3 Indústrias de transformação
210,1,Brasil,30,Número-índice,99.80620,1,Brasil,201906,junho 2019,12606,PIMPF - Número-índice (2022=100),129316,3 Indústrias de transformação
211,1,Brasil,30,Número-índice,108.54167,1,Brasil,201907,julho 2019,12606,PIMPF - Número-índice (2022=100),129316,3 Indústrias de transformação
212,1,Brasil,30,Número-índice,111.30864,1,Brasil,201908,agosto 2019,12606,PIMPF - Número-índice (2022=100),129316,3 Indústrias de transformação
213,1,Brasil,30,Número-índice,106.08891,1,Brasil,201909,setembro 2019,12606,PIMPF - Número-índice (2022=100),129316,3 Indústrias de transformação
214,1,Brasil,30,Número-índice,112.87529,1,Brasil,201910,outubro 2019,12606,PIMPF - Número-índice (2022=100),129316,3 Indústrias de transformação
215,1,Brasil,30,Número-índice,101.92664,1,Brasil,201911,novembro 2019,12606,PIMPF - Número-índice (2022=100),129316,3 Indústrias de transformação
216,1,Brasil,30,Número-índice,87.23675,1,Brasil,201912,dezembro 2019,12606,PIMPF - Número-índice (2022=100),129316,3 Indústrias de transformação
217,1,Brasil,30,Número-índice,92.18551,1,Brasil,202001,janeiro 2020,12606,PIMPF - Número-índice (2022=100),129316,3 Indústrias de transformação
218,1,Brasil,30,Número-índice,91.78329,1,Brasil,202002,fevereiro 2020,12606,PIMPF - Número-índice (2022=100),129316,3 Indústrias de transformação
219,1,Brasil,30,Número-índice,90.04050,1,Brasil,202003,março 2020,12606,PIMPF - Número-índice (2022=100),129316,3 Indústrias de transformação
220,1,Brasil,30,Número-índice,67.29175,1,Brasil,202004,abril 2020,12606,PIMPF - Número-índice (2022=100),129316,3 Indústrias de transformação
221,1,Brasil,30,Número-índice,81.45730,1,Brasil,202005,maio 2020,12606,PIMPF - Número-índice (2022=100),129316,3 Indústrias de transformação
222,1,Brasil,30,Número-índice,90.21584,1,Brasil,202006,junho 2020,12606,PIMPF - Número-índice (2022=100),129316,3 Indústrias de transformação
223,1,Brasil,30,Número-índice,105.13738,1,Brasil,202007,julho 2020,12606,PIMPF - Número-índice (2022=100),129316,3 Indústrias de transformação
224,1,Brasil,30,Número-índice,108.53601,1,Brasil,202008,agosto 2020,12606,PIMPF - Número-índice (2022=100),129316,3 Indústrias de transformação
225,1,Brasil,30,Número-índice,111.40305,1,Brasil,202009,setembro 2020,12606,PIMPF - Número-índice (2022=100),129316,3 Indústrias de transformação
226,1,Brasil,30,Número-índice,114.17240,1,Brasil,202010,outubro 2020,12606,PIMPF - Número-índice (2022=100),129316,3 Indústrias de transformação
227,1,Brasil,30,Número-índice,106.11261,1,Brasil,202011,novembro 2020,12606,PIMPF - Número-índice (2022=100),129316,3 Indústrias de transformação
228,1,Brasil,30,Número-índice,96.16315,1,Brasil,202012,dezembro 2020,12606,PIMPF - Número-índice (2022=100),129316,3 Indústrias de transformação
229,1,Brasil,30,Número-índice,94.62264,1,Brasil,202101,janeiro 2021,12606,PIMPF - Número-índice (2022=100),129316,3 Indústrias de transformação
230,1,Brasil,30,Número-índice,92.84865,1,Brasil,202102,fevereiro 2021,12606,PIMPF - Número-índice (2022=100),129316,3 Indústrias de transformação
231,1,Brasil,30,Número-índice,100.80049,1,Brasil,202103,março 2021,12606,PIMPF - Número-índice (2022=100),129316,3 Indústrias de transformação
232,1,Brasil,30,Número-índice,94.42521,1,Brasil,202104,abril 2021,12606,PIMPF - Número-índice (2022=100),129316,3 Indústrias de transformação
233,1,Brasil,30,Número-índice,102.62020,1,Brasil,202105,maio 2021,12606,PIMPF - Número-índice (2022=100),129316,3 Indústrias de transformação
234,1,Brasil,30,Número-índice,102.17523,1,Brasil,202106,junho 2021,12606,PIMPF - Número-índice (2022=100),129316,3 Indústrias de transformação
235,1,Brasil,30,Número-índice,107.22375,1,Brasil,202107,julho 2021,12606,PIMPF - Número-índice (2022=100),129316,3 Indústrias de transformação
236,1,Brasil,30,Número-índice,108.06605,1,Brasil,202108,agosto 2021,12606,PIMPF - Número-índice (2022=100),129316,3 Indústrias de transformação
237,1,Brasil,30,Número-índice,105.86333,1,Brasil,202109,setembro 2021,12606,PIMPF - Número-índice (2022=100),129316,3 Indústrias de transformação
238,1,Brasil,30,Número-índice,104.83996,1,Brasil,202110,outubro 2021,12606,PIMPF - Número-índice (2022=100),129316,3 Indústrias de transformação
239,1,Brasil,30,Número-índice,100.39026,1,Brasil,202111,novembro 2021,12606,PIMPF - Número-índice (2022=100),129316,3 Indústrias de transformação
240,1,Brasil,30,Número-índice,90.51574,1,Brasil,202112,dezembro 2021,12606,PIMPF - Número-índice (2022=100),129316,3 Indústrias de transformação
241,1,Brasil,30,Número-índice,89.14802,1,Brasil,202201,janeiro 2022,12606,PIMPF - Número-índice (2022=100),129316,3 Indústrias de transformação
242,1,Brasil,30,Número-índice,90.17731,1,Brasil,202202,fevereiro 2022,12606,PIMPF - Número-índice (2022=100),129316,3 Indústrias de transformação
243,1,Brasil,30,Número-índice,98.55714,1,Brasil,202203,março 2022,12606,PIMPF - Número-índice (2022=100),129316,3 Indústrias de transformação
244,1,Brasil,30,Número-índice,94.43520,1,Brasil,202204,abril 2022,12606,PIMPF - Número-índice (2022=100),129316,3 Indústrias de transformação
245,1,Brasil,30,Número-índice,103.94214,1,Brasil,202205,maio 2022,12606,PIMPF - Número-índice (2022=100),129316,3 Indústrias de transformação
246,1,Brasil,30,Número-índice,102.37802,1,Brasil,202206,junho 2022,12606,PIMPF - Número-índice (2022=100),129316,3 Indústrias de transformação
247,1,Brasil,30,Número-índice,107.39005,1,Brasil,202207,julho 2022,12606,PIMPF - Número-índice (2022=100),129316,3 Indústrias de transformação
248,1,Brasil,30,Número-índice,111.39185,1,Brasil,202208,agosto 2022,12606,PIMPF - Número-índice (2022=100),129316,3 Indústrias de transformação
249,1,Brasil,30,Número-índice,105.63701,1,Brasil,202209,setembro 2022,12606,PIMPF - Número-índice (2022=100),129316,3 Indústrias de transformação
250,1,Brasil,30,Número-índice,104.70595,1,Brasil,202210,outubro 2022,12606,PIMPF - Número-índice (2022=100),129316,3 Indústrias de transformação
251,1,Brasil,30,Número-índice,101.93120,1,Brasil,202211,novembro 2022,12606,PIMPF - Número-índice (2022=100),129316,3 Indústrias de transformação
252,1,Brasil,30,Número-índice,90.30612,1,Brasil,202212,dezembro 2022,12606,PIMPF - Número-índice (2022=100),129316,3 Indústrias de transformação
253,1,Brasil,30,Número-índice,89.12758,1,Brasil,202301,janeiro 2023,12606,PIMPF - Número-índice (2022=100),129316,3 Indústrias de transformação
254,1,Brasil,30,Número-índice,86.73356,1,Brasil,202302,fevereiro 2023,12606,PIMPF - Número-índice (2022=100),129316,3 Indústrias de transformação
255,1,Brasil,30,Número-índice,99.15832,1,Brasil,202303,março 2023,12606,PIMPF - Número-índice (2022=100),129316,3 Indústrias de transformação
256,1,Brasil,30,Número-índice,91.08177,1,Brasil,202304,abril 2023,12606,PIMPF - Número-índice (2022=100),129316,3 Indústrias de transformação
257,1,Brasil,30,Número-índice,104.39318,1,Brasil,202305,maio 2023,12606,PIMPF - Número-índice (2022=100),129316,3 Indústrias de transformação
258,1,Brasil,30,Número-índice,100.61386,1,Brasil,202306,junho 2023,12606,PIMPF - Número-índice (2022=100),129316,3 Indústrias de transformação
259,1,Brasil,30,Número-índice,104.17277,1,Brasil,202307,julho 2023,12606,PIMPF - Número-índice (2022=100),129316,3 Indústrias de transformação
260,1,Brasil,30,Número-índice,111.42609,1,Brasil,202308,agosto 2023,12606,PIMPF - Número-índice (2022=100),129316,3 Indústrias de transformação
261,1,Brasil,30,Número-índice,104.79031,1,Brasil,202309,setembro 2023,12606,PIMPF - Número-índice (2022=100),129316,3 Indústrias de transformação
262,1,Brasil,30,Número-índice,106.08131,1,Brasil,202310,outubro 2023,12606,PIMPF - Número-índice (2022=100),129316,3 Indústrias de transformação
263,1,Brasil,30,Número-índice,101.14467,1,Brasil,202311,novembro 2023,12606,PIMPF - Número-índice (2022=100),129316,3 Indústrias de transformação
264,1,Brasil,30,Número-índice,88.15062,1,Brasil,202312,dezembro 2023,12606,PIMPF - Número-índice (2022=100),129316,3 Indústrias de transformação
265,1,Brasil,30,Número-índice,91.84751,1,Brasil,202401,janeiro 2024,12606,PIMPF - Número-índice (2022=100),129316,3 Indústrias de transformação
266,1,Brasil,30,Número-índice,91.66259,1,Brasil,202402,fevereiro 2024,12606,PIMPF - Número-índice (2022=100),129316,3 Indústrias de transformação
267,1,Brasil,30,Número-índice,95.48073,1,Brasil,202403,março 2024,12606,PIMPF - Número-índice (2022=100),129316,3 Indústrias de transformação
268,1,Brasil,30,Número-índice,100.32980,1,Brasil,202404,abril 2024,12606,PIMPF - Número-índice (2022=100),129316,3 Indústrias de transformação
269,1,Brasil,30,Número-índice,102.96503,1,Brasil,202405,maio 2024,12606,PIMPF - Número-índice (2022=100),129316,3 Indústrias de transformação
270,1,Brasil,30,Número-índice,104.26926,1,Brasil,202406,junho 2024,12606,PIMPF - Número-índice (2022=100),129316,3 Indústrias de transformação
271,1,Brasil,30,Número-índice,111.81249,1,Brasil,202407,julho 2024,12606,PIMPF - Número-índice (2022=100),129316,3 Indústrias de transformação
272,1,Brasil,30,Número-índice,113.34729,1,Brasil,202408,agosto 2024,12606,PIMPF - Número-índice (2022=100),129316,3 Indústrias de transformação
273,1,Brasil,30,Número-índice,109.64032,1,Brasil,202409,setembro 2024,12606,PIMPF - Número-índice (2022=100),129316,3 Indústrias de transformação
